sample_index,expected_label,source_dataset,source_file,measurement_line
1,turtlebot,Pruebas,Pruebas/csi_dog_dataset/turtlebot/txt/csi_turtlebot_1001.txt,"[  530.788663] [AOA] Measurement: 0,1619021690.173177,48:8f:5a:df:02:3b,2,1,2,0,128,325,91,861,939,29,998,395,814,888,63,819,946,661,757,59,357,971,807,519,872,943,825,734,901,717,4,732,964,884,421,659,326,31,36,27,34,24,33,19,19,9,15,23,29,15,6,17,5,25,10,14,34,13,2,18,23,20,20,13,16,4,15,33,19"
2,turtlebot,Pruebas,Pruebas/csi_dog_dataset/turtlebot/txt/csi_turtlebot_1002.txt,"[  531.843817] [AOA] Measurement: 0,1619021691.228331,48:8f:5a:df:02:3b,2,1,2,0,128,893,977,926,864,248,787,942,219,55,242,953,169,651,840,68,394,67,338,748,188,964,256,27,190,250,341,195,399,635,224,56,736,32,37,25,34,25,32,20,18,8,14,24,29,16,6,15,4,25,11,15,33,13,3,18,23,19,20,13,17,5,14,31,16"
3,turtlebot,Pruebas,Pruebas/csi_dog_dataset/turtlebot/txt/csi_turtlebot_1003.txt,"[  532.900180] [AOA] Measurement: 0,1619021692.284694,48:8f:5a:df:02:3b,2,1,2,0,128,414,126,956,880,795,966,940,206,51,228,950,151,618,818,61,356,143,379,762,190,1021,324,1008,133,260,377,190,358,670,249,835,608,35,24,27,27,20,31,30,25,21,23,24,24,19,23,24,18,36,31,26,31,20,24,28,32,22,21,29,25,28,25,23,23"
4,turtlebot,Pruebas,Pruebas/csi_dog_dataset/turtlebot/txt/csi_turtlebot_1004.txt,"[  533.948107] [AOA] Measurement: 0,1619021693.332625,48:8f:5a:df:02:3b,2,1,2,0,128,397,123,998,924,840,1017,507,411,1004,205,932,105,650,871,110,387,169,453,715,158,17,383,45,175,255,342,148,304,745,297,547,225,37,25,27,27,21,31,30,23,19,22,26,25,19,22,25,17,38,33,28,33,21,25,28,31,22,23,27,27,28,25,24,24"
5,turtlebot,Pruebas,Pruebas/csi_dog_dataset/turtlebot/txt/csi_turtlebot_1005.txt,"[  535.009456] [AOA] Measurement: 0,1619021694.393972,48:8f:5a:df:02:3b,2,1,2,0,128,394,116,844,807,330,845,449,400,18,214,923,150,639,836,516,144,175,423,689,106,44,360,45,163,304,357,166,357,639,242,992,633,36,25,25,27,20,31,29,22,19,21,25,24,18,21,24,17,35,30,26,30,21,24,27,32,22,22,29,25,26,23,22,23"
6,turtlebot,Pruebas,Pruebas/csi_dog_dataset/turtlebot/txt/csi_turtlebot_1006.txt,"[  536.051615] [AOA] Measurement: 0,1619021695.436128,48:8f:5a:df:02:3b,2,1,2,0,128,866,935,362,660,389,890,421,334,464,1011,1003,157,662,877,481,153,160,368,699,146,17,320,30,177,212,324,188,374,702,267,512,167,35,26,26,27,19,32,29,23,20,22,25,24,19,21,25,18,38,33,26,31,21,24,29,31,21,23,28,26,28,25,23,25"
7,turtlebot,Pruebas,Pruebas/csi_dog_dataset/turtlebot/txt/csi_turtlebot_1007.txt,"[  537.119236] [AOA] Measurement: 0,1619021696.503752,48:8f:5a:df:02:3b,2,1,2,0,128,323,78,926,849,818,1008,477,384,22,199,961,168,632,825,54,370,181,441,707,145,987,305,68,219,293,385,178,371,723,308,725,317,35,23,25,25,18,30,27,23,18,20,22,23,18,22,23,16,32,31,24,28,21,22,25,29,20,20,28,23,27,24,20,22"
8,turtlebot,Pruebas,Pruebas/csi_dog_dataset/turtlebot/txt/csi_turtlebot_1008.txt,"[  538.171960] [AOA] Measurement: 0,1619021697.556474,48:8f:5a:df:02:3b,2,1,2,0,128,822,929,411,716,817,976,519,453,992,153,1016,173,628,863,486,142,172,407,681,104,997,332,1014,155,191,297,158,367,739,284,811,549,30,34,25,32,24,31,19,17,8,12,23,30,16,7,16,4,24,9,14,32,12,2,17,22,20,20,14,16,3,13,28,17"
9,turtlebot,Pruebas,Pruebas/csi_dog_dataset/turtlebot/txt/csi_turtlebot_1009.txt,"[  539.221797] [AOA] Measurement: 0,1619021698.606311,48:8f:5a:df:02:3b,2,1,2,0,128,277,114,878,967,483,802,352,773,899,46,290,725,807,844,88,413,949,772,463,799,957,784,798,947,681,991,676,917,857,364,174,871,37,24,28,27,21,32,28,22,20,23,24,25,19,23,25,17,36,33,28,31,21,25,27,33,22,23,27,26,28,25,23,25"
10,turtlebot,Pruebas,Pruebas/csi_dog_dataset/turtlebot/txt/csi_turtlebot_1010.txt,"[  540.271428] [AOA] Measurement: 0,1619021699.655942,48:8f:5a:df:02:3b,2,1,2,0,128,410,129,976,918,785,966,963,185,45,236,968,154,704,898,5,313,161,411,707,108,1008,321,35,172,259,353,226,409,681,282,800,359,30,34,25,33,24,30,18,19,6,13,25,30,18,6,16,4,25,9,14,33,14,2,20,20,22,20,14,17,4,13,29,16"
11,turtlebot,Pruebas,Pruebas/csi_dog_dataset/turtlebot/txt/csi_turtlebot_1011.txt,"[  541.321706] [AOA] Measurement: 0,1619021700.706221,48:8f:5a:df:02:3b,2,1,2,0,128,432,163,928,868,302,818,454,386,14,181,929,133,609,804,581,204,199,445,698,110,13,347,38,191,641,97,694,134,683,276,533,198,34,24,24,26,19,30,26,23,19,20,21,22,19,22,22,17,35,31,24,28,20,22,26,29,21,20,25,24,27,22,20,22"
12,turtlebot,Pruebas,Pruebas/csi_dog_dataset/turtlebot/txt/csi_turtlebot_1012.txt,"[  542.381328] [AOA] Measurement: 0,1619021701.765843,48:8f:5a:df:02:3b,2,1,2,0,128,374,90,941,867,813,998,920,189,13,191,978,120,599,799,72,373,147,398,753,123,982,290,32,180,257,335,678,191,719,281,824,535,32,23,25,24,18,29,28,21,19,20,23,21,18,21,25,15,32,28,21,25,21,23,24,28,20,19,26,24,27,23,20,20"
13,turtlebot,Pruebas,Pruebas/csi_dog_dataset/turtlebot/txt/csi_turtlebot_1013.txt,"[  543.431532] [AOA] Measurement: 0,1619021702.816046,48:8f:5a:df:02:3b,2,1,2,0,128,411,139,942,893,835,0,460,349,1010,183,975,142,668,855,490,150,661,252,737,168,987,278,43,175,264,363,195,384,653,266,5,739,36,25,25,28,20,31,29,23,19,23,25,26,20,22,25,17,36,32,30,34,21,27,29,33,22,24,29,26,28,25,24,25"
14,turtlebot,Pruebas,Pruebas/csi_dog_dataset/turtlebot/txt/csi_turtlebot_1014.txt,"[  544.490804] [AOA] Measurement: 0,1619021703.875317,48:8f:5a:df:02:3b,2,1,2,0,128,325,44,399,677,314,838,492,378,985,177,985,179,657,858,60,353,600,180,191,995,969,309,34,156,280,372,176,339,742,301,653,326,36,24,25,26,18,31,30,22,20,20,24,23,17,23,24,14,34,29,27,29,20,24,27,30,19,22,26,25,27,23,20,23"
15,turtlebot,Pruebas,Pruebas/csi_dog_dataset/turtlebot/txt/csi_turtlebot_1015.txt,"[  545.540907] [AOA] Measurement: 0,1619021704.925421,48:8f:5a:df:02:3b,2,1,2,0,128,391,101,948,883,821,1004,426,371,5,202,947,140,623,803,67,387,187,396,691,153,984,310,93,226,250,343,152,339,690,243,491,217,36,25,27,27,19,31,29,23,19,21,25,25,19,21,24,18,36,32,27,30,20,24,26,31,21,22,27,24,27,23,21,23"
16,turtlebot,Pruebas,Pruebas/csi_dog_dataset/turtlebot/txt/csi_turtlebot_1016.txt,"[  546.591490] [AOA] Measurement: 0,1619021705.976002,48:8f:5a:df:02:3b,2,1,2,0,128,807,924,913,884,826,993,434,369,483,1008,383,951,723,864,117,421,87,332,694,119,9,332,10,127,739,131,246,406,689,268,931,583,35,25,27,27,18,30,30,23,20,22,24,24,18,22,25,18,38,32,28,32,20,25,28,32,21,22,30,26,27,25,23,24"
17,turtlebot,Pruebas,Pruebas/csi_dog_dataset/turtlebot/txt/csi_turtlebot_1017.txt,"[  547.648016] [AOA] Measurement: 0,1619021707.032534,48:8f:5a:df:02:3b,2,1,2,0,128,845,931,397,702,240,775,989,226,9,171,933,125,662,843,108,419,553,154,670,94,1016,303,101,187,236,306,250,400,613,226,758,498,35,24,27,27,20,32,31,23,19,23,23,25,19,23,25,17,37,33,28,32,21,25,28,33,22,24,28,27,28,25,23,24"
18,turtlebot,Pruebas,Pruebas/csi_dog_dataset/turtlebot/txt/csi_turtlebot_1018.txt,"[  548.691508] [AOA] Measurement: 0,1619021708.076021,48:8f:5a:df:02:3b,2,1,2,0,128,395,124,907,922,871,1014,482,399,1021,243,981,168,587,779,156,457,93,330,698,101,15,356,64,188,196,311,216,346,707,308,591,224,35,24,26,23,18,32,28,22,20,19,23,21,19,22,23,17,32,29,24,27,20,23,24,29,20,18,26,20,26,21,18,20"
19,turtlebot,Pruebas,Pruebas/csi_dog_dataset/turtlebot/txt/csi_turtlebot_1019.txt,"[  549.750387] [AOA] Measurement: 0,1619021709.134901,48:8f:5a:df:02:3b,2,1,2,0,128,413,153,897,862,278,804,524,436,957,164,965,162,635,836,43,338,604,153,725,99,988,344,18,109,251,361,173,345,702,273,512,266,34,23,24,26,21,30,27,23,20,21,22,21,19,21,24,17,35,31,24,28,20,23,26,31,21,21,26,25,27,23,21,22"
20,turtlebot,Pruebas,Pruebas/csi_dog_dataset/turtlebot/txt/csi_turtlebot_1020.txt,"[  550.797823] [AOA] Measurement: 0,1619021710.182342,48:8f:5a:df:02:3b,2,1,2,0,128,421,124,880,839,803,999,548,461,1016,186,899,134,642,844,1019,305,214,429,768,139,932,278,510,0,321,394,285,412,708,294,600,218,41,29,29,29,21,36,33,28,23,24,27,26,22,26,29,19,40,37,28,33,24,26,29,35,25,24,32,28,31,28,24,26"
21,turtlebot,Pruebas,Pruebas/csi_dog_dataset/turtlebot/txt/csi_turtlebot_1021.txt,"[  551.841777] [AOA] Measurement: 0,1619021711.226291,48:8f:5a:df:02:3b,2,1,2,0,128,409,138,883,805,866,1009,464,405,41,150,387,945,679,843,80,386,121,374,724,114,995,355,73,195,250,340,143,353,779,352,814,450,42,28,31,30,23,39,34,28,24,25,28,28,23,25,29,20,41,37,29,35,25,29,33,36,25,26,32,29,32,30,25,27"
22,turtlebot,Pruebas,Pruebas/csi_dog_dataset/turtlebot/txt/csi_turtlebot_1022.txt,"[  552.901049] [AOA] Measurement: 0,1619021712.285563,48:8f:5a:df:02:3b,2,1,2,0,128,377,131,962,905,870,20,522,443,978,197,1004,136,696,854,35,355,123,375,766,169,27,357,22,146,340,387,198,364,615,221,82,826,34,23,27,25,20,29,27,22,20,21,24,22,18,21,23,16,33,31,24,29,19,23,27,31,22,22,28,25,26,24,21,23"
23,turtlebot,Pruebas,Pruebas/csi_dog_dataset/turtlebot/txt/csi_turtlebot_1023.txt,"[  553.960537] [AOA] Measurement: 0,1619021713.345051,48:8f:5a:df:02:3b,2,1,2,0,128,361,73,371,677,287,805,950,199,518,33,435,998,95,638,536,163,86,346,123,894,12,326,15,184,252,376,221,406,690,261,798,490,41,28,30,31,22,37,34,28,21,24,28,28,22,27,29,19,40,35,29,33,24,30,31,38,25,26,33,31,34,30,27,28"
24,turtlebot,Pruebas,Pruebas/csi_dog_dataset/turtlebot/txt/csi_turtlebot_1024.txt,"[  555.001805] [AOA] Measurement: 0,1619021714.386320,48:8f:5a:df:02:3b,2,1,2,0,128,394,143,927,907,814,982,525,419,6,209,25,202,669,864,25,378,204,471,682,133,1015,301,50,168,329,426,123,336,680,244,667,275,33,22,25,25,20,31,28,23,19,19,21,21,18,21,24,17,33,29,23,27,19,21,25,29,21,18,25,22,26,22,17,20"
25,turtlebot,Pruebas,Pruebas/csi_dog_dataset/turtlebot/txt/csi_turtlebot_1025.txt,"[  556.051298] [AOA] Measurement: 0,1619021715.435812,48:8f:5a:df:02:3b,2,1,2,0,128,337,97,359,687,860,1011,503,401,927,133,976,204,661,853,44,337,175,412,678,92,1021,325,1022,156,270,339,232,400,640,237,334,5,30,35,25,32,23,31,19,18,8,13,24,30,17,6,16,3,23,7,14,32,13,2,20,20,22,18,13,15,5,13,29,16"
26,turtlebot,Pruebas,Pruebas/csi_dog_dataset/turtlebot/txt/csi_turtlebot_1026.txt,"[  557.101863] [AOA] Measurement: 0,1619021716.486376,48:8f:5a:df:02:3b,2,1,2,0,128,404,150,910,856,835,997,491,402,20,209,994,157,677,861,54,377,200,458,717,147,1017,320,51,159,276,361,194,343,729,305,391,67,33,24,23,24,18,29,27,22,18,21,21,22,18,20,24,15,33,28,21,26,20,22,25,29,20,18,26,21,27,22,19,19"
27,turtlebot,Pruebas,Pruebas/csi_dog_dataset/turtlebot/txt/csi_turtlebot_1027.txt,"[  558.151682] [AOA] Measurement: 0,1619021717.536196,48:8f:5a:df:02:3b,2,1,2,0,128,388,123,880,835,343,866,917,181,527,1013,460,5,661,842,59,391,150,394,658,80,992,339,57,188,212,306,170,345,156,119,753,428,40,28,28,28,21,37,32,26,23,23,26,25,21,25,27,18,37,33,25,32,23,27,30,36,25,23,31,26,33,28,24,25"
28,turtlebot,Pruebas,Pruebas/csi_dog_dataset/turtlebot/txt/csi_turtlebot_1028.txt,"[  559.201829] [AOA] Measurement: 0,1619021718.586342,48:8f:5a:df:02:3b,2,1,2,0,128,423,184,879,852,867,21,492,410,996,178,952,142,642,830,80,387,164,384,690,128,995,306,101,221,211,332,156,331,717,265,671,269,42,29,29,30,23,38,33,27,23,25,28,27,23,26,29,19,42,36,31,35,25,29,31,36,25,26,32,29,31,29,26,27"
29,turtlebot,Pruebas,Pruebas/csi_dog_dataset/turtlebot/txt/csi_turtlebot_1029.txt,"[  560.260754] [AOA] Measurement: 0,1619021719.645268,48:8f:5a:df:02:3b,2,1,2,0,128,324,54,924,844,868,1019,439,381,976,145,393,1002,60,615,24,351,222,461,645,105,46,362,45,158,181,337,217,377,702,279,90,836,41,28,31,32,23,37,34,26,24,24,27,28,22,27,27,21,40,34,29,34,25,30,30,36,27,25,32,28,32,28,25,26"
30,turtlebot,Pruebas,Pruebas/csi_dog_dataset/turtlebot/txt/csi_turtlebot_1030.txt,"[  561.320324] [AOA] Measurement: 0,1619021720.704839,48:8f:5a:df:02:3b,2,1,2,0,128,308,69,987,914,804,1003,457,375,66,248,924,141,65,644,95,414,187,432,695,106,13,345,9,132,253,322,245,393,677,291,180,867,34,23,26,26,19,31,27,22,19,21,21,23,19,21,23,15,34,30,28,29,20,24,26,30,20,21,26,25,27,24,21,22"
31,turtlebot,Pruebas,Pruebas/csi_dog_dataset/turtlebot/txt/csi_turtlebot_1031.txt,"[  562.371584] [AOA] Measurement: 0,1619021721.756098,48:8f:5a:df:02:3b,2,1,2,0,128,296,66,891,879,293,822,517,424,1014,186,964,168,658,843,78,396,159,426,698,106,1012,326,14,146,310,380,175,357,696,279,655,308,34,25,26,26,20,31,28,23,20,20,23,22,18,22,24,17,34,30,25,29,21,24,25,30,21,22,28,24,27,22,21,22"
32,turtlebot,Pruebas,Pruebas/csi_dog_dataset/turtlebot/txt/csi_turtlebot_1032.txt,"[  563.430745] [AOA] Measurement: 0,1619021722.815259,48:8f:5a:df:02:3b,2,1,2,0,128,372,113,882,879,806,978,472,406,995,190,942,131,722,894,96,384,172,435,667,100,12,320,48,185,298,374,206,365,711,312,158,867,41,28,29,29,24,37,34,27,22,24,27,25,23,27,29,19,39,35,29,33,23,29,31,35,26,25,33,29,32,28,25,26"
33,turtlebot,Pruebas,Pruebas/csi_dog_dataset/turtlebot/txt/csi_turtlebot_1033.txt,"[  564.481808] [AOA] Measurement: 0,1619021723.866323,48:8f:5a:df:02:3b,2,1,2,0,128,399,125,951,889,840,1006,455,407,1015,193,964,130,684,852,131,425,171,410,697,105,1011,308,175,251,230,356,214,395,724,249,145,874,34,23,26,25,19,30,28,21,19,19,23,22,18,20,25,15,35,30,24,28,20,24,24,29,19,20,27,24,25,22,21,22"
34,turtlebot,Pruebas,Pruebas/csi_dog_dataset/turtlebot/txt/csi_turtlebot_1034.txt,"[  565.531738] [AOA] Measurement: 0,1619021724.916251,48:8f:5a:df:02:3b,2,1,2,0,128,354,109,909,877,799,979,465,405,1020,228,924,117,661,864,91,417,172,404,630,79,1016,323,115,245,198,343,253,388,662,286,72,665,40,28,30,29,22,37,33,26,22,23,26,27,22,25,29,19,40,35,27,33,24,27,32,34,24,24,32,27,32,27,24,27"
35,turtlebot,Pruebas,Pruebas/csi_dog_dataset/turtlebot/txt/csi_turtlebot_1035.txt,"[  566.588026] [AOA] Measurement: 0,1619021725.972543,48:8f:5a:df:02:3b,2,1,2,0,128,371,110,940,899,799,978,943,253,1022,202,942,175,647,851,19,379,123,401,748,144,986,298,50,172,295,342,222,392,699,293,493,58,37,24,26,26,20,31,29,22,20,21,24,24,19,22,25,16,36,30,28,30,20,26,28,30,20,23,28,25,27,25,23,25"
36,turtlebot,Pruebas,Pruebas/csi_dog_dataset/turtlebot/txt/csi_turtlebot_1036.txt,"[  567.631701] [AOA] Measurement: 0,1619021727.016214,48:8f:5a:df:02:3b,2,1,2,0,128,359,108,296,632,358,831,4,224,982,168,995,174,649,865,65,356,94,338,632,93,967,265,84,197,245,319,176,397,725,301,341,34,41,30,30,30,23,37,34,27,25,26,29,28,22,26,28,21,42,37,31,37,24,30,32,37,26,26,33,31,34,30,26,26"
37,turtlebot,Pruebas,Pruebas/csi_dog_dataset/turtlebot/txt/csi_turtlebot_1037.txt,"[  568.690908] [AOA] Measurement: 0,1619021728.075423,48:8f:5a:df:02:3b,2,1,2,0,128,389,142,952,930,735,941,469,407,1018,236,950,115,93,647,69,374,187,410,691,123,1023,302,49,171,166,303,151,332,668,231,52,741,32,22,24,25,17,29,26,22,19,17,21,21,17,19,22,16,31,28,20,25,19,21,24,28,19,20,24,22,25,21,19,21"
38,turtlebot,Pruebas,Pruebas/csi_dog_dataset/turtlebot/txt/csi_turtlebot_1038.txt,"[  569.760146] [AOA] Measurement: 0,1619021729.144660,48:8f:5a:df:02:3b,2,1,2,0,128,799,888,0,943,783,962,952,176,32,214,891,67,681,863,124,406,137,363,688,133,947,223,62,195,241,356,689,174,649,249,968,634,35,24,25,26,18,29,29,22,20,21,23,22,17,21,24,17,34,29,26,29,18,24,27,29,21,22,27,24,26,24,21,23"
39,turtlebot,Pruebas,Pruebas/csi_dog_dataset/turtlebot/txt/csi_turtlebot_1039.txt,"[  570.801276] [AOA] Measurement: 0,1619021730.185791,48:8f:5a:df:02:3b,2,1,2,0,128,371,86,883,822,879,5,495,422,977,166,921,157,671,871,119,435,174,414,736,146,1016,328,107,209,230,351,221,389,676,278,627,338,37,41,27,37,29,36,22,20,9,16,26,35,20,10,20,5,27,8,17,37,15,2,22,24,24,22,16,18,3,12,30,17"
40,turtlebot,Pruebas,Pruebas/csi_dog_dataset/turtlebot/txt/csi_turtlebot_1040.txt,"[  571.857944] [AOA] Measurement: 0,1619021731.242462,48:8f:5a:df:02:3b,2,1,2,0,128,885,982,928,877,862,1011,444,389,440,1009,4,178,625,840,66,379,154,435,753,90,970,312,50,186,286,356,161,355,722,289,397,134,40,27,28,29,21,35,33,28,23,24,27,26,22,25,28,19,39,34,27,32,23,28,31,35,23,24,31,28,29,25,21,24"
41,nothing,Pruebas,Pruebas/csi_dog_dataset/nothing/txt/csi_nothing_1002.txt,"[  119.638325] [AOA] Measurement: 0,1619021279.022850,48:8f:5a:df:02:3b,2,1,2,0,128,197,1,830,877,980,13,410,513,955,90,921,17,786,993,122,399,944,20,431,845,70,841,648,977,966,135,957,40,229,803,210,904,61,63,63,62,62,62,63,58,64,63,63,63,62,63,61,62,62,62,63,64,64,64,62,63,64,63,63,60,61,64,62,62"
42,nothing,Pruebas,Pruebas/csi_dog_dataset/nothing/txt/csi_nothing_1003.txt,"[  120.699595] [AOA] Measurement: 0,1619021280.084113,48:8f:5a:df:02:3b,2,1,2,0,128,184,14,852,907,884,954,401,529,8,112,881,988,290,781,111,396,855,1000,486,884,583,1013,645,979,1008,171,921,1005,290,847,783,493,78,80,81,76,80,81,80,75,81,80,80,81,79,79,79,80,80,79,83,79,81,79,81,79,80,82,78,79,80,83,83,81"
43,nothing,Pruebas,Pruebas/csi_dog_dataset/nothing/txt/csi_nothing_1004.txt,"[  121.759854] [AOA] Measurement: 0,1619021281.144376,48:8f:5a:df:02:3b,2,1,2,0,128,281,54,832,864,971,972,425,571,981,103,927,14,771,979,100,351,982,23,442,838,657,31,576,963,974,172,1022,78,291,878,625,210,58,59,60,55,60,59,59,56,61,59,61,60,62,61,61,58,63,58,61,59,62,63,61,61,61,64,60,60,61,64,63,62"
44,nothing,Pruebas,Pruebas/csi_dog_dataset/nothing/txt/csi_nothing_1005.txt,"[  122.801083] [AOA] Measurement: 0,1619021282.185601,48:8f:5a:df:02:3b,2,1,2,0,128,174,1007,781,870,994,1010,849,302,32,152,949,53,769,941,100,344,863,987,453,846,612,1017,597,941,32,163,997,42,264,884,973,694,57,56,58,53,59,60,58,55,59,58,59,60,60,60,60,57,62,57,62,59,61,62,61,61,62,63,60,60,61,64,63,61"
45,nothing,Pruebas,Pruebas/csi_dog_dataset/nothing/txt/csi_nothing_1006.txt,"[  123.850929] [AOA] Measurement: 0,1619021283.235448,48:8f:5a:df:02:3b,2,1,2,0,128,285,33,823,844,982,1017,433,558,1006,138,887,11,792,978,117,385,944,18,435,870,623,20,630,986,39,251,908,1,319,835,262,901,61,61,62,57,62,60,61,57,60,62,60,61,60,63,60,61,61,60,60,61,63,60,62,61,62,61,62,60,61,63,61,62"
46,nothing,Pruebas,Pruebas/csi_dog_dataset/nothing/txt/csi_nothing_1007.txt,"[  124.910193] [AOA] Measurement: 0,1619021284.294711,48:8f:5a:df:02:3b,2,1,2,0,128,661,802,866,895,986,1,385,522,933,65,924,23,830,954,30,318,864,980,933,663,658,29,629,908,19,170,956,4,237,817,491,149,62,60,62,59,62,60,61,57,61,61,62,62,61,63,61,61,63,61,63,61,63,61,62,62,62,61,60,59,63,64,61,61"
47,nothing,Pruebas,Pruebas/csi_dog_dataset/nothing/txt/csi_nothing_1008.txt,"[  125.970292] [AOA] Measurement: 0,1619021285.354809,48:8f:5a:df:02:3b,2,1,2,0,128,207,19,886,940,908,954,435,556,24,111,876,1008,813,991,169,416,828,976,455,836,661,9,627,971,17,212,917,4,247,842,356,1003,61,60,62,59,61,61,62,58,62,63,62,62,61,63,62,61,62,61,62,61,62,61,62,62,63,61,62,59,62,63,63,61"
48,nothing,Pruebas,Pruebas/csi_dog_dataset/nothing/txt/csi_nothing_1009.txt,"[  127.030453] [AOA] Measurement: 0,1619021286.414971,48:8f:5a:df:02:3b,2,1,2,0,128,170,989,906,899,944,1002,356,504,37,124,882,17,848,967,117,408,950,41,367,779,629,35,649,974,1007,180,993,62,281,845,777,349,61,62,62,62,62,61,63,58,61,62,61,63,60,63,61,61,60,61,63,61,63,60,62,60,63,60,61,60,62,62,62,61"
49,nothing,Pruebas,Pruebas/csi_dog_dataset/nothing/txt/csi_nothing_1010.txt,"[  128.099076] [AOA] Measurement: 0,1619021287.483595,48:8f:5a:df:02:3b,2,1,2,0,128,232,38,850,899,888,977,425,553,20,117,892,3,869,996,46,321,910,1018,393,809,647,14,612,935,993,170,953,30,215,818,1003,694,61,59,62,59,61,61,62,58,62,62,61,62,61,63,62,60,62,59,63,60,61,61,63,62,63,61,60,60,63,63,63,60"
50,nothing,Pruebas,Pruebas/csi_dog_dataset/nothing/txt/csi_nothing_1011.txt,"[  129.160353] [AOA] Measurement: 0,1619021288.544871,48:8f:5a:df:02:3b,2,1,2,0,128,241,39,767,818,990,4,382,499,51,165,906,20,813,954,97,355,837,987,481,843,693,39,599,931,967,176,934,1009,194,794,519,34,62,61,62,59,62,61,61,59,61,61,60,63,61,63,62,59,63,59,63,61,63,62,64,62,62,62,60,61,62,64,64,63"
51,nothing,Pruebas,Pruebas/csi_dog_dataset/nothing/txt/csi_nothing_1012.txt,"[  130.220220] [AOA] Measurement: 0,1619021289.604737,48:8f:5a:df:02:3b,2,1,2,0,128,236,40,815,842,935,1021,370,514,987,119,868,28,815,994,72,365,898,1002,466,892,642,15,608,919,1022,152,987,64,284,853,733,307,71,71,75,69,74,74,75,68,75,73,73,74,77,76,77,72,81,73,79,73,79,78,78,76,77,81,76,74,77,80,80,80"
52,nothing,Pruebas,Pruebas/csi_dog_dataset/nothing/txt/csi_nothing_1013.txt,"[  131.271517] [AOA] Measurement: 0,1619021290.656037,48:8f:5a:df:02:3b,2,1,2,0,128,230,14,838,869,914,1012,398,501,45,155,851,988,289,786,87,368,859,996,468,856,607,1004,635,1000,1003,178,19,76,251,831,566,262,55,53,49,53,50,51,53,47,48,54,51,50,44,50,47,53,43,52,47,51,50,43,45,45,46,37,45,41,48,43,43,43"
53,nothing,Pruebas,Pruebas/csi_dog_dataset/nothing/txt/csi_nothing_1014.txt,"[  132.320966] [AOA] Measurement: 0,1619021291.705484,48:8f:5a:df:02:3b,2,1,2,0,128,196,9,798,846,948,16,358,494,1014,134,864,1019,895,1016,172,435,847,1005,414,842,600,14,606,960,967,145,1013,86,287,872,154,758,64,63,62,61,61,61,62,58,60,63,63,63,60,63,61,62,60,60,62,63,61,60,62,60,61,57,61,59,60,62,60,59"
54,nothing,Pruebas,Pruebas/csi_dog_dataset/nothing/txt/csi_nothing_1015.txt,"[  133.371112] [AOA] Measurement: 0,1619021292.755631,48:8f:5a:df:02:3b,2,1,2,0,128,217,1001,852,881,950,996,337,492,968,113,868,994,803,966,62,365,951,1023,431,834,582,961,614,963,998,142,932,46,256,873,695,395,58,57,59,55,59,59,59,54,60,59,58,60,61,61,59,58,62,56,62,58,62,60,62,60,61,62,60,61,62,63,65,63"
55,nothing,Pruebas,Pruebas/csi_dog_dataset/nothing/txt/csi_nothing_1016.txt,"[  134.421097] [AOA] Measurement: 0,1619021293.805616,48:8f:5a:df:02:3b,2,1,2,0,128,237,1013,831,863,1007,0,386,503,954,101,920,26,858,1015,56,320,926,13,446,893,614,28,623,973,968,157,979,84,264,847,927,568,61,62,62,58,60,62,63,58,61,62,62,63,60,63,61,61,61,61,62,62,63,60,62,60,62,60,60,60,63,63,62,60"
56,nothing,Pruebas,Pruebas/csi_dog_dataset/nothing/txt/csi_nothing_1017.txt,"[  135.471044] [AOA] Measurement: 0,1619021294.855562,48:8f:5a:df:02:3b,2,1,2,0,128,243,36,852,897,942,993,372,541,13,140,905,31,770,966,176,400,836,979,444,839,579,1014,666,978,994,186,903,24,267,817,854,577,80,81,82,80,78,78,80,76,80,81,80,79,75,80,77,79,75,78,77,79,80,76,79,77,77,73,76,73,79,77,77,74"
57,nothing,Pruebas,Pruebas/csi_dog_dataset/nothing/txt/csi_nothing_1018.txt,"[  136.521242] [AOA] Measurement: 0,1619021295.905760,48:8f:5a:df:02:3b,2,1,2,0,128,164,1016,806,838,997,7,376,512,982,75,899,8,866,999,59,327,876,997,447,824,654,38,604,932,963,150,984,52,253,837,669,416,61,60,60,59,62,61,62,58,60,62,61,62,62,62,60,61,62,61,63,61,62,61,63,61,62,62,61,61,63,64,64,61"
58,nothing,Pruebas,Pruebas/csi_dog_dataset/nothing/txt/csi_nothing_1019.txt,"[  137.571180] [AOA] Measurement: 0,1619021296.955698,48:8f:5a:df:02:3b,2,1,2,0,128,248,41,779,811,443,824,355,479,998,89,914,1016,875,975,50,324,893,1013,459,870,620,0,613,930,926,97,967,44,277,858,984,552,59,59,59,56,60,61,60,55,60,59,60,60,61,61,61,59,62,58,62,59,61,60,62,61,61,63,59,61,60,64,62,60"
59,nothing,Pruebas,Pruebas/csi_dog_dataset/nothing/txt/csi_nothing_1020.txt,"[  138.621072] [AOA] Measurement: 0,1619021298.005589,48:8f:5a:df:02:3b,2,1,2,0,128,250,27,219,652,440,835,824,278,497,982,931,1013,780,980,90,316,858,968,497,853,582,1019,613,968,1002,191,917,1019,270,861,225,891,72,73,77,71,76,75,76,71,75,76,74,76,80,79,78,76,80,75,80,76,78,79,81,79,78,83,78,79,78,80,82,79"
60,nothing,Pruebas,Pruebas/csi_dog_dataset/nothing/txt/csi_nothing_1021.txt,"[  139.671076] [AOA] Measurement: 0,1619021299.055594,48:8f:5a:df:02:3b,2,1,2,0,128,157,1001,760,829,998,15,398,531,994,70,949,34,833,983,68,354,792,926,497,906,601,1020,638,943,962,112,954,18,215,823,134,833,60,61,61,59,62,61,62,56,61,62,62,62,62,60,61,60,62,60,63,60,62,62,64,61,61,63,61,61,62,64,62,60"
61,nothing,Pruebas,Pruebas/csi_dog_dataset/nothing/txt/csi_nothing_1022.txt,"[  140.730403] [AOA] Measurement: 0,1619021300.114920,48:8f:5a:df:02:3b,2,1,2,0,128,199,13,869,916,933,1003,401,521,8,142,937,30,737,928,131,383,907,9,392,843,550,1013,593,947,1022,166,984,74,331,901,916,595,59,60,61,56,60,59,59,56,60,60,60,60,60,62,60,58,62,58,63,60,61,61,62,61,62,63,60,61,62,65,62,60"
62,nothing,Pruebas,Pruebas/csi_dog_dataset/nothing/txt/csi_nothing_1023.txt,"[  141.781104] [AOA] Measurement: 0,1619021301.165621,48:8f:5a:df:02:3b,2,1,2,0,128,226,998,918,921,992,1016,322,457,436,943,913,16,810,987,519,139,888,965,447,843,638,41,577,919,1001,186,916,1018,245,830,8,687,53,55,55,51,57,56,58,52,57,56,57,56,58,59,58,55,60,56,60,56,58,59,60,60,59,63,59,58,59,63,62,60"
63,nothing,Pruebas,Pruebas/csi_dog_dataset/nothing/txt/csi_nothing_1024.txt,"[  142.831221] [AOA] Measurement: 0,1619021302.215738,48:8f:5a:df:02:3b,2,1,2,0,128,136,956,283,704,957,1006,341,482,28,151,887,1001,846,993,49,308,923,1014,414,838,602,6,617,970,936,111,1012,70,276,869,298,960,61,62,61,59,61,61,62,58,61,62,63,63,60,63,62,62,61,60,63,62,61,61,62,61,62,61,61,58,64,63,61,59"
64,nothing,Pruebas,Pruebas/csi_dog_dataset/nothing/txt/csi_nothing_1025.txt,"[  143.890627] [AOA] Measurement: 0,1619021303.275145,48:8f:5a:df:02:3b,2,1,2,0,128,245,54,823,875,905,993,459,564,955,85,928,15,797,974,84,357,860,975,498,930,611,28,531,868,17,224,959,57,248,876,307,883,62,61,61,61,62,61,63,58,60,63,62,62,59,63,60,62,59,60,60,62,61,59,60,59,62,58,61,59,62,61,60,59"
65,nothing,Pruebas,Pruebas/csi_dog_dataset/nothing/txt/csi_nothing_1026.txt,"[  144.948068] [AOA] Measurement: 0,1619021304.332591,48:8f:5a:df:02:3b,2,1,2,0,128,216,12,847,911,927,993,361,490,3,149,913,32,861,1001,66,322,885,1015,512,920,586,1023,613,952,19,206,10,82,222,798,878,544,59,59,60,57,61,61,59,55,60,60,60,60,61,61,60,59,62,58,61,58,61,62,62,61,60,63,60,60,61,65,63,61"
66,nothing,Pruebas,Pruebas/csi_dog_dataset/nothing/txt/csi_nothing_1027.txt,"[  146.000548] [AOA] Measurement: 0,1619021305.385067,48:8f:5a:df:02:3b,2,1,2,0,128,249,0,821,866,950,1022,381,485,1013,98,865,1014,886,1011,71,316,915,1020,440,841,617,34,537,855,1002,182,11,80,216,814,466,142,62,61,63,58,62,62,62,57,62,61,62,63,62,64,60,62,61,62,62,62,63,62,63,62,63,62,59,59,63,64,62,61"
67,nothing,Pruebas,Pruebas/csi_dog_dataset/nothing/txt/csi_nothing_1028.txt,"[  147.052351] [AOA] Measurement: 0,1619021306.436869,48:8f:5a:df:02:3b,2,1,2,0,128,168,5,236,652,21,67,379,532,94,167,910,29,833,991,96,339,891,1,498,895,593,1019,687,1004,1016,203,908,21,284,865,869,527,63,61,60,58,61,61,63,59,62,62,61,61,62,62,60,62,60,62,62,62,61,60,62,60,64,62,60,60,62,62,61,60"
68,nothing,Pruebas,Pruebas/csi_dog_dataset/nothing/txt/csi_nothing_1029.txt,"[  148.109936] [AOA] Measurement: 0,1619021307.494454,48:8f:5a:df:02:3b,2,1,2,0,128,196,994,841,874,927,971,878,312,32,166,883,17,797,939,124,391,905,1015,397,811,1006,807,646,959,1009,150,902,987,338,893,13,761,77,77,79,75,79,79,79,72,80,79,80,77,80,81,79,77,81,78,82,77,80,80,80,81,81,81,81,78,78,81,82,80"
69,nothing,Pruebas,Pruebas/csi_dog_dataset/nothing/txt/csi_nothing_1030.txt,"[  149.161273] [AOA] Measurement: 0,1619021308.545791,48:8f:5a:df:02:3b,2,1,2,0,128,203,43,933,923,878,954,426,559,955,96,936,19,851,985,102,341,879,997,449,850,621,27,625,964,24,160,969,39,255,846,868,506,62,60,62,59,60,60,62,58,62,61,62,62,60,61,60,61,60,60,62,61,63,60,62,60,63,58,59,58,59,61,60,60"
70,nothing,Pruebas,Pruebas/csi_dog_dataset/nothing/txt/csi_nothing_1031.txt,"[  150.211232] [AOA] Measurement: 0,1619021309.595750,48:8f:5a:df:02:3b,2,1,2,0,128,219,21,859,894,962,1017,368,521,1013,98,977,54,821,955,569,196,921,27,427,832,589,2,621,919,0,197,970,75,212,816,960,592,61,61,63,58,61,62,62,56,60,60,62,61,60,63,61,59,63,59,63,60,62,61,61,59,63,61,61,58,62,63,63,61"
71,nothing,Pruebas,Pruebas/csi_dog_dataset/nothing/txt/csi_nothing_1032.txt,"[  168.193294] [AOA] Measurement: 0,1619021327.577812,48:8f:5a:df:02:3b,2,1,2,0,128,195,1016,267,690,932,1000,383,554,986,76,898,981,286,822,46,342,887,1002,470,884,623,1016,607,936,452,1020,971,14,258,828,485,173,62,55,60,53,61,61,65,40,61,61,61,65,59,65,64,59,71,61,70,58,69,58,73,68,67,68,68,63,72,75,69,64"
72,nothing,Pruebas,Pruebas/csi_dog_dataset/nothing/txt/csi_nothing_1033.txt,"[  169.241128] [AOA] Measurement: 0,1619021328.625646,48:8f:5a:df:02:3b,2,1,2,0,128,182,978,825,895,954,988,835,297,469,984,931,43,838,980,89,351,866,1022,453,813,571,997,601,937,929,115,969,60,240,801,67,819,68,68,69,63,70,69,71,63,68,69,70,69,69,71,69,67,71,67,73,69,71,70,74,71,70,72,69,67,71,74,73,70"
73,nothing,Pruebas,Pruebas/csi_dog_dataset/nothing/txt/csi_nothing_1034.txt,"[  170.290690] [AOA] Measurement: 0,1619021329.675208,48:8f:5a:df:02:3b,2,1,2,0,128,224,9,808,874,936,1003,357,497,1015,84,950,16,805,979,90,346,898,1019,459,833,640,57,604,953,959,134,982,45,272,873,825,383,67,60,63,59,65,66,68,43,65,65,66,67,61,66,65,64,74,64,71,59,71,61,73,71,70,66,72,64,74,74,73,66"
74,nothing,Pruebas,Pruebas/csi_dog_dataset/nothing/txt/csi_nothing_1035.txt,"[  171.350099] [AOA] Measurement: 0,1619021330.734616,48:8f:5a:df:02:3b,2,1,2,0,128,201,1000,771,862,999,15,351,543,994,109,988,98,797,961,95,350,335,844,452,857,584,10,595,942,1002,185,981,84,248,853,146,762,61,53,59,51,60,60,61,40,58,59,61,62,57,63,63,59,72,59,67,57,68,58,70,67,66,67,69,60,71,72,72,64"
75,nothing,Pruebas,Pruebas/csi_dog_dataset/nothing/txt/csi_nothing_1036.txt,"[  172.409529] [AOA] Measurement: 0,1619021331.794047,48:8f:5a:df:02:3b,2,1,2,0,128,251,41,788,829,909,972,456,618,1,122,971,49,779,966,105,373,909,20,447,892,596,4,633,962,1003,154,997,61,234,830,1022,615,67,60,64,59,66,65,68,43,64,66,65,70,62,67,66,61,73,63,72,60,73,60,74,71,70,67,71,65,74,76,71,66"
76,nothing,Pruebas,Pruebas/csi_dog_dataset/nothing/txt/csi_nothing_1037.txt,"[  173.460554] [AOA] Measurement: 0,1619021332.845072,48:8f:5a:df:02:3b,2,1,2,0,128,188,1007,878,876,910,975,346,520,967,54,372,890,855,985,57,335,843,967,544,914,578,1006,597,943,7,168,1012,94,157,775,619,276,62,57,60,57,63,62,64,41,62,61,62,65,58,65,65,60,71,61,69,58,69,59,73,68,65,67,68,63,72,74,70,64"
77,nothing,Pruebas,Pruebas/csi_dog_dataset/nothing/txt/csi_nothing_1038.txt,"[  174.519915] [AOA] Measurement: 0,1619021333.904433,48:8f:5a:df:02:3b,2,1,2,0,128,247,18,805,878,934,1008,346,549,39,140,962,60,880,975,88,378,910,31,442,843,587,4,704,991,983,141,902,10,231,819,610,216,74,65,67,62,68,65,70,41,64,68,69,71,57,67,64,63,69,66,70,60,73,61,71,68,69,60,70,60,73,72,70,63"
78,nothing,Pruebas,Pruebas/csi_dog_dataset/nothing/txt/csi_nothing_1039.txt,"[  175.579879] [AOA] Measurement: 0,1619021334.964397,48:8f:5a:df:02:3b,2,1,2,0,128,705,848,771,855,1005,40,366,519,958,69,998,64,799,963,97,402,889,9,427,865,566,999,667,995,917,95,1014,58,255,820,633,324,64,59,62,58,64,63,67,43,62,61,65,66,60,65,64,62,72,62,71,59,69,60,74,70,69,67,70,61,73,75,70,63"
79,nothing,Pruebas,Pruebas/csi_dog_dataset/nothing/txt/csi_nothing_1040.txt,"[  176.630829] [AOA] Measurement: 0,1619021336.015350,48:8f:5a:df:02:3b,2,1,2,0,128,276,38,790,846,1019,1017,354,560,51,147,899,23,796,960,108,370,869,15,426,869,677,29,629,954,22,180,900,13,241,830,984,662,68,54,59,51,54,55,62,30,49,62,60,61,37,51,49,46,46,56,48,47,59,47,55,48,52,35,50,39,55,51,52,44"
80,nothing,Pruebas,Pruebas/csi_dog_dataset/nothing/txt/csi_nothing_1041.txt,"[  177.690684] [AOA] Measurement: 0,1619021337.075201,48:8f:5a:df:02:3b,2,1,2,0,128,189,1011,827,880,910,986,351,546,1018,128,903,7,817,969,71,350,946,67,497,874,568,1005,550,930,975,135,1002,20,214,850,704,347,74,65,68,62,67,66,69,41,61,68,69,71,56,65,62,62,67,66,67,60,71,57,70,66,68,59,70,59,71,69,68,61"
